{"options":{"check_for_updates":false,"comment":null,"compatopts_for_requires":true,"compat_wrappedjsobject":false,"compat_metadata":false,"compat_foreach":false,"compat_prototypes":false,"noframes":null,"run_at":null,"override":{"use_includes":[],"orig_includes":["*"],"merge_includes":true,"use_matches":[],"orig_matches":[],"merge_matches":true,"use_excludes":[],"orig_excludes":[],"merge_excludes":true,"use_connects":[],"merge_connects":true,"use_blockers":[],"orig_run_at":"context-menu","orig_noframes":null}},"settings":{"enabled":true,"position":2},"meta":{"name":"イベントID検索","uuid":"f0c70efb-fbb0-4636-bdd7-64b9bcfcb629","modified":1636605298195}}